date,close,fast,slow,signal
2023-01-02,100.29128137891969,,,0.0
2023-01-03,102.23372145831303,,,0.0
2023-01-04,103.48555385558814,,,0.0
2023-01-05,106.66829119383148,,,0.0
2023-01-06,108.51270773439778,,,0.0
2023-01-09,106.50752343083518,,,0.0
2023-01-10,107.88609139319658,,,0.0
2023-01-11,107.64486101742274,,,0.0
2023-01-12,108.75061761826466,,,0.0
2023-01-13,108.2770680853099,,,0.0
2023-01-16,108.39450991987805,,,0.0
2023-01-17,107.96072936519158,,,0.0
2023-01-18,107.88454816392353,,,0.0
2023-01-19,109.24089982187064,,,0.0
2023-01-20,107.90323380356668,,,0.0
2023-01-23,106.86257290303374,,,0.0
2023-01-24,109.16470673540941,,,0.0
2023-01-25,106.99880785938367,,,0.0
2023-01-26,109.09776350929205,,,0.0
2023-01-27,108.24848136003138,107.10069853038299,,0.0
2023-01-30,110.64892700142161,107.61858081150811,,0.0
2023-01-31,112.34236026841258,108.12401275201307,,0.0
2023-02-01,110.8641237558679,108.49294124702706,,0.0
2023-02-02,111.49226602803299,108.73413998873714,,0.0
2023-02-03,112.01680206770541,108.90934470540253,,0.0
2023-02-06,112.21655362730203,109.19479621522585,,0.0
2023-02-07,110.7106197044946,109.33602263079077,,0.0
2023-02-08,109.99292614388932,109.45342588711408,,0.0
2023-02-09,109.02111081926127,109.46695054716392,,0.0
2023-02-10,110.72700808369764,109.5894475470833,,0.0
2023-02-13,112.53687110225927,109.79656560620238,,0.0
2023-02-14,110.46995062349374,109.92202666911749,,0.0
2023-02-15,109.2743857435945,109.99151854810103,,0.0
2023-02-16,110.14320990190008,110.0366340521025,,0.0
2023-02-17,108.9097286341333,110.08695879363081,,0.0
2023-02-20,107.09310614550043,110.09848545575417,,0.0
2023-02-21,109.0340754170152,110.09195388983446,,0.0
2023-02-22,108.26426366138394,110.15522667993446,,0.0
2023-02-23,107.78544674807546,110.08961084187362,,0.0
2023-02-24,107.9417768282259,110.07427561528337,,0.0
2023-02-27,106.58683607037761,109.87117106873116,,0.0
2023-02-28,106.54491066457234,109.58129858853916,,0.0
2023-03-01,106.02003741686534,109.33909427158903,,0.0
2023-03-02,106.96170794293242,109.11256636733398,,0.0
2023-03-03,104.95920239508567,108.759686383703,,0.0
2023-03-06,105.600300366248,108.42887372065029,,0.0
2023-03-07,106.85399553404558,108.23604251212785,,0.0
2023-03-08,106.85546792349719,108.07916960110825,,0.0
2023-03-09,107.15270123695662,107.985749121993,,0.0
2023-03-10,107.0083970768863,107.79981857165244,108.16086079081587,0.0
2023-03-13,107.90499934398801,107.56822498373887,108.31313515011725,0.0
2023-03-14,105.95973057608671,107.34271398136852,108.38765533247272,0.0
2023-03-15,106.5540058445001,107.2066949864138,108.44902437225097,0.0
2023-03-16,109.2604822336011,107.16255860299887,108.50086819304636,0.0
2023-03-17,111.88937055596921,107.31154069909064,108.56840144947779,0.0
2023-03-20,110.15104323852971,107.46443755374212,108.64127184563169,0.0
2023-03-21,109.24915141491867,107.4751913536373,108.66853304606612,0.0
2023-03-22,109.01036623590208,107.51249648236322,108.6958431504357,0.0
2023-03-23,107.20134784275086,107.48329153709696,108.66485775492542,0.0
2023-03-24,107.50211753882941,107.46130857262715,108.6493587439958,0.0
2023-03-27,107.7531141620061,107.51962247720857,108.63653082883839,0.0
2023-03-28,108.90064383734983,107.63740913584745,108.65532911828156,0.0
2023-03-29,111.48787254778038,107.9108008923932,108.72739560595868,0.0
2023-03-30,111.77224744291114,108.15132786739211,108.77802255837949,0.0
2023-03-31,110.44115422275185,108.42542545877545,108.82878096676319,0.0
2023-04-03,111.79158718695645,108.73498979981086,108.92736125244164,0.0
2023-04-04,111.2126968876178,108.95292486748947,108.96832105548582,0.0
2023-04-05,107.92340181007796,109.00632156181851,108.98681293449971,1.0
2023-04-06,107.72942814405089,109.03515790717321,108.95944622719487,1.0
2023-04-07,106.45068457292332,109.00727228197506,108.92349029145272,1.0
2023-04-10,105.26703263295198,108.8753739464233,108.81585240408333,1.0
2023-04-11,105.9063313581331,108.87270398552562,108.68713182587773,1.0
2023-04-12,103.15678230939102,108.70284280877016,108.5329849969482,1.0
2023-04-13,102.02693898998349,108.34116564658925,108.3436784561872,0.0
2023-04-14,102.30477118959188,107.8619356782704,108.14943783862492,0.0
2023-04-17,100.73869038274937,107.39131803548139,107.91988057373388,0.0
2023-04-18,101.34245182137118,106.995983055804,107.73251721607141,0.0
2023-04-19,100.04711507380661,106.54782049769923,107.53360099466975,0.0
2023-04-20,100.54137900112552,106.21482205561797,107.36400635830704,0.0
2023-04-21,100.19397463466784,105.84941491040988,107.15334568932646,0.0
2023-04-24,98.88717353808434,105.4061178792138,106.88035173804296,0.0
2023-04-25,99.40835299122823,104.93150333690771,106.65911978539764,0.0
2023-04-26,99.60493972779503,104.33735669590847,106.46573086508165,0.0
2023-04-27,100.21483047134329,103.75948584733005,106.26716327647051,0.0
2023-04-28,99.53691160606466,103.2142737164957,106.07970693590914,0.0
2023-05-01,98.45373216231447,102.5473809652636,105.90691945624542,0.0
2023-05-02,96.90494536662129,101.83199338921376,105.66433685523754,0.0
2023-05-03,97.15166089685763,101.29340634355276,105.44208479994703,0.0
2023-05-04,96.41284156651129,100.72757701467579,105.21463269631573,0.0
2023-05-05,96.08647494583643,100.20936653332144,104.97752665866794,0.0
2023-05-08,97.57539876813648,99.82478484008065,104.79729791262312,0.0
2023-05-09,96.38327814319966,99.34863217933398,104.59406526219566,0.0
2023-05-10,98.52437384866423,99.11701175629764,104.44415199083163,0.0
2023-05-11,99.09314014462362,98.97032181402965,104.28678063486548,0.0
2023-05-12,100.92794972967272,98.9014807410337,104.20615558155721,0.0
2023-05-15,98.94086504168409,98.81158947398043,104.07296687506594,0.0
2023-05-16,100.01320482906173,98.74512712436496,103.93615106096625,0.0
2023-05-17,100.26067332558026,98.75580503695365,103.80425516900792,0.0
2023-05-18,102.1194358627245,98.83470788003358,103.70358986152328,0.0
2023-05-19,102.05744923924331,98.92788161026236,103.60457090477043,0.0
2023-05-22,102.46252790580412,99.10664932864834,103.49572147600674,0.0
2023-05-23,102.01150182276642,99.23680677022526,103.41675690094034,0.0
2023-05-24,100.99921993254284,99.30652078046265,103.30566118270119,0.0
2023-05-25,101.9696685835942,99.39426268607521,103.15984490970106,0.0
2023-05-26,101.18218697552524,99.47652645454824,102.94570123809217,0.0
2023-05-29,100.13090019033977,99.5603848559495,102.74529837712836,0.0
2023-05-30,99.54500909500898,99.69238804236889,102.55121553073019,0.0
2023-05-31,99.43797158981475,99.80670357701673,102.35976763780843,0.0
2023-06-01,99.90553711195824,99.98133835428908,102.2138514231926,0.0
2023-06-02,99.0833380445132,100.13118150922291,102.04547583330627,0.0
2023-06-05,99.01933627631159,100.20337838463168,101.87080027559236,0.0
2023-06-06,99.22615302482876,100.34552212871313,101.67731045934194,0.0
2023-06-07,99.14988473084298,100.37679767282206,101.43055070300319,0.0
2023-06-08,99.77707955846196,100.41099464351399,101.1906473453142,0.0
2023-06-09,99.02183794041933,100.31568905405132,100.96226101966757,0.0
2023-06-12,99.53042892160363,100.3451672480473,100.71703785436051,0.0
2023-06-13,99.05921456794349,100.29746773499139,100.473968207967,0.0
2023-06-14,100.4724966948536,100.30805890345505,100.32495010566254,0.0
2023-06-15,99.1842956259573,100.16130189161669,100.15404745530066,1.0
2023-06-16,98.0899302346435,99.9629259413867,99.98683236853505,0.0
2023-06-19,97.0079237540796,99.69019573380048,99.82165019095761,0.0
2023-06-20,97.48623583650776,99.46393243448753,99.65324828052512,0.0
2023-06-21,96.42884439801065,99.23541365776093,99.5186895222975,0.0
2023-06-22,96.23506420955768,98.9486834390591,99.40285202668898,0.0
2023-06-23,96.7783006146937,98.72848912101753,99.29232261519103,0.0
2023-06-26,95.92734185056457,98.51831120402876,99.19609564454733,0.0
2023-06-27,96.97978619774537,98.39005005916559,99.1088423320748,0.0
2023-06-28,97.5930443269108,98.2978036960204,99.05976091713688,0.0
2023-06-29,98.95790720394724,98.25042220061985,99.02809148119333,0.0
2023-06-30,99.59311924133898,98.27591126046113,99.01607437332676,0.0
2023-07-03,99.36805555638394,98.29334722446474,99.02569201369273,0.0
2023-07-04,99.69003408126264,98.31654127728643,99.03132563549343,0.0
2023-07-05,100.01761921016694,98.35992800125264,99.03957922514086,0.0
2023-07-06,99.96552957261429,98.36935050196026,99.0345932071663,0.0
2023-07-07,101.9226948785756,98.51439334886807,99.08230887261652,0.0
2023-07-10,102.69128249519284,98.67243602754752,99.16705987927408,0.0
2023-07-11,103.38603124053107,98.88877686117691,99.29668159675228,0.0
2023-07-12,104.11361947528239,99.07083300019835,99.43592076832077,0.0
2023-07-13,102.68480028172053,99.2458582329865,99.56135994262496,0.0
2023-07-14,103.31361417970729,99.5070424302397,99.70590272730236,0.0
2023-07-17,104.37727450239362,99.87550996765539,99.8419402419875,1.0
2023-07-18,105.4212228294151,100.27225931730077,100.02269913571183,1.0
2023-07-19,104.17753796835684,100.65969399581806,100.13576241810568,1.0
2023-07-20,103.82008605020265,101.03894508785032,100.23030133621725,1.0
2023-07-21,103.35850266975122,101.3679551906032,100.27891239501882,1.0
2023-07-24,104.79431028835539,101.81130361249274,100.39598129995225,1.0
2023-07-25,106.00117017727833,102.26237281146938,100.5157406069166,1.0
2023-07-26,105.9637396262779,102.68090757643775,100.62980193293053,1.0
2023-07-27,103.32652274153067,102.89933835331689,100.65394367050665,1.0
2023-07-28,103.98500770943701,103.11893277672182,100.69249483991052,1.0
2023-07-31,105.39730364885077,103.42039518134516,100.75119035477147,1.0
2023-08-01,104.53714258453184,103.66275060650862,100.80170317000676,1.0
2023-08-02,104.90416047884321,103.90707766994242,100.87980198093277,1.0
2023-08-03,105.8621081034947,104.20190659648645,100.95765077133079,1.0
2023-08-04,103.83318269980084,104.2974309875477,101.01067068581631,1.0
2023-08-07,100.25347235537343,104.17554048055675,101.01312212911697,1.0
2023-08-08,100.52825795164648,104.0326518161125,101.03278710624973,1.0
2023-08-09,101.76672311749786,103.91530699822329,101.07936213680337,1.0
2023-08-10,102.41456667920295,103.9017953180974,101.12954272814828,1.0
2023-08-11,101.92502085211068,103.83236565171758,101.18637638430023,1.0
2023-08-14,100.97352649682996,103.6621782514394,101.2254601887106,1.0
2023-08-15,101.05325826150727,103.443780023044,101.26200229344417,1.0
2023-08-16,101.13356566394387,103.29158140782336,101.30167591210619,1.0
2023-08-17,98.04208752581819,103.00268148160413,101.26697607145331,1.0
2023-08-18,98.97178721311855,102.78334570877249,101.2659750569073,1.0
2023-08-21,100.02065806299336,102.5446630975044,101.27577963973508,1.0
2023-08-22,100.53106123375343,102.27115765032815,101.30521657305127,1.0
2023-08-23,101.72804135118008,102.05937273657325,101.3303274661778,1.0
2023-08-24,102.29392113481846,102.00774265623764,101.39251997635503,1.0
2023-08-25,101.47094182946314,101.88203936223894,101.46014020825143,1.0
2023-08-28,101.56982919428734,101.69066563951078,101.5513783170556,1.0
2023-08-29,101.27821635898124,101.52771932823325,101.62721792750506,0.0
2023-08-30,99.89355414652886,101.27718901161754,101.69651212247544,0.0
2023-08-31,101.52268550615213,101.0602178817504,101.80226454840731,0.0
2023-09-01,102.07226930201652,100.97217221186119,101.90814392215376,0.0
2023-09-04,103.59041543647791,101.13901936591641,102.06140539387202,0.0
2023-09-05,102.50949974447674,101.23808145555793,102.17199966480666,0.0
2023-09-06,102.19721213861537,101.2596059066138,102.26408302104078,0.0
2023-09-07,101.39446504088316,101.20860082469781,102.31281417777947,0.0
2023-09-08,101.59900226506282,101.19229989534543,102.35293183825394,0.0
2023-09-11,102.49983567920657,101.26861535446426,102.4155674407104,0.0
2023-09-12,101.39509878042294,101.28570738041003,102.44966873469362,0.0
2023-09-13,100.99898670586242,101.27897843250597,102.46929608460752,0.0
2023-09-14,99.53965834527372,101.35385697347874,102.46077866006071,0.0
2023-09-15,100.35100069188306,101.42281764741696,102.42934477632686,0.0
2023-09-18,100.83951892124823,101.4637606903297,102.39230950484796,0.0
2023-09-19,101.78556514350656,101.52648588581737,102.36030018290747,0.0
2023-09-20,104.31319216377699,101.6557434264472,102.36429163667735,0.0
2023-09-21,101.41125419452217,101.6116100794324,102.33882071493339,0.0
2023-09-22,102.58158551408667,101.66714226366358,102.32418014162099,0.0
2023-09-25,104.0590700213009,101.79160430501425,102.31781605199915,0.0
2023-09-26,102.23327259463969,101.83935711679717,102.25405704730362,0.0
2023-09-27,101.16222426410376,101.90279062267591,102.19375077321857,0.0
2023-09-28,99.63652293025287,101.80848249388096,102.11007951081956,0.0
2023-09-29,99.97006298533975,101.7033721780471,102.04231071713133,0.0
2023-10-02,100.05844224736956,101.5267735185917,101.94759335631161,0.0
2023-10-03,99.86086793115807,101.39434192792575,101.82478731138922,0.0
2023-10-04,98.92631475719507,101.23079705885475,101.68403881400756,0.0
2023-10-05,100.68597814083327,101.19537271385227,101.63122792199361,0.0
2023-10-06,101.3831092161471,101.18457806140647,101.57918995212782,0.0
2023-10-09,101.43746847561455,101.13145970122687,101.49999324866309,0.0
2023-10-10,102.52233129274333,101.1878213268429,101.45969702282731,0.0
2023-10-11,102.8838819207358,101.28206608758656,101.41929145166517,0.0
2023-10-12,103.18738685888331,101.46445251326703,101.36579702677294,1.0
2023-10-13,104.06937977960354,101.65037146765306,101.37052096836898,1.0
2023-10-16,103.97488895869998,101.80713996952565,101.44494930043552,1.0
2023-10-17,101.89226656672051,101.81247504068634,101.472229472737,1.0
2023-10-18,101.97292179516072,101.69546152225554,101.47635344629026,1.0
2023-10-19,101.17530747767596,101.68366418641321,101.45156826225971,1.0
2023-10-20,100.72994930011825,101.5910823757148,101.42766683121987,1.0
2023-10-23,98.07919564221653,101.29208865676058,101.3697802141276,0.0
2023-10-24,98.4735841377966,101.10410423391842,101.3181867316534,0.0
2023-10-25,97.57229250595097,100.9246076460108,101.24696126849354,0.0
2023-10-26,98.0357037038883,100.84456668469255,101.24683359205494,0.0
2023-10-27,98.64589768424614,100.77835841963788,101.24031580147748,0.0
2023-10-30,97.15083742184353,100.63297817836158,101.1829193886545,0.0
2023-10-31,96.41952199789574,100.46091088169847,101.10068860393734,0.0
2023-11-01,96.88531734666783,100.3588610111721,101.0038341238471,0.0
2023-11-02,98.13129542819097,100.23112687553997,100.92058160971456,0.0
2023-11-03,97.75595629818983,100.04976922964212,100.84628189908908,0.0
2023-11-06,98.45708654969091,99.90075013334594,100.78402704619715,0.0
2023-11-07,98.13370760294761,99.68131894885616,100.72113687107647,0.0
2023-11-08,96.15852172134677,99.3450509388867,100.64643622257283,0.0
2023-11-09,95.1637107795781,98.94386713492145,100.51925672804134,0.0
2023-11-10,97.94878901876723,98.63783759687962,100.43678712237637,0.0
2023-11-13,98.82449224649302,98.38031776126928,100.34146865857667,0.0
2023-11-14,99.53866857514203,98.26263786169035,100.28205203518999,0.0
2023-11-15,99.85791472448209,98.15688750815642,100.2352660869073,0.0
2023-11-16,96.29321618187997,97.91278294336662,100.13324110972724,0.0
2023-11-17,95.6373012139272,97.65815053905706,100.01400708870455,0.0
2023-11-20,97.54093209819324,97.63123736185591,99.91482901708427,0.0
2023-11-21,98.52709516346744,97.63391291313945,99.85746894474514,0.0
2023-11-22,98.7485850757172,97.69272754162776,99.81246091214226,0.0
2023-11-23,97.97316265061417,97.68960048896406,99.78113099824907,0.0
2023-11-24,97.76204773564385,97.64540799153394,99.72935193912426,0.0
2023-11-27,98.85963709048966,97.73084797496624,99.6897543025091,0.0
2023-11-28,100.68439941256075,97.94409184569949,99.6677309878902,0.0
2023-11-29,101.30121141945037,98.16488654933862,99.60749137300367,0.0
2023-11-30,100.63409597846993,98.29002657685257,99.59194820868261,0.0
2023-12-01,101.87020068202118,98.49573879604414,99.57772051204131,0.0
2023-12-04,100.08834592367238,98.57730176474321,99.49830603008871,0.0
2023-12-05,99.6003086098599,98.65063181508881,99.44564675039314,0.0
2023-12-06,99.84050188537117,98.83473082329004,99.4192123028185,0.0
2023-12-07,99.94192506849035,99.07364153773565,99.42532034558324,0.0
2023-12-08,101.38899128534737,99.24565165106466,99.4536989115834,0.0
2023-12-11,102.66458097796485,99.43765608763826,99.5058216861953,0.0
2023-12-12,103.36445972746479,99.62894564525439,99.57589352212142,1.0
2023-12-13,101.84812065356286,99.72845594170842,99.63432964004878,1.0
2023-12-14,101.20215925154974,99.97390309519191,99.6446532622631,1.0
2023-12-15,102.32698587340772,100.30838732816594,99.66353079540832,1.0
2023-12-18,99.09509811607957,100.38609562906026,99.61668338821762,1.0
2023-12-19,99.73615210375438,100.4465484760746,99.56095980443784,1.0
2023-12-20,99.01357216431094,100.4597978305043,99.48355360930935,1.0
2023-12-21,100.09059217900212,100.5656693069237,99.4216177157117,1.0
2023-12-22,101.44666166986629,100.7499000036348,99.36916335351698,1.0
2023-12-25,99.49422859552321,100.7816295788865,99.27955014625344,1.0
2023-12-26,98.64190545733292,100.6795048811251,99.2145429240657,1.0
2023-12-27,97.90977174860068,100.50993289758262,99.13327992313448,1.0
2023-12-28,98.19473374303477,100.38796478581085,99.07366844844168,1.0
2023-12-29,98.51396557551979,100.22015303048579,99.02934877394969,1.0
2024-01-01,99.36413269300068,100.1839423689522,99.0550475149654,1.0
2024-01-02,98.86589333423694,100.14722160517105,99.06289369889419,1.0
2024-01-03,98.23147193430049,100.06677010761753,99.07607728746117,1.0
2024-01-04,97.8652810692609,99.96293790765606,99.07266883476863,1.0
2024-01-05,97.85219078608785,99.78609788269308,99.05679469680547,1.0
2024-01-08,97.83388171206117,99.54456291939789,99.07045558260981,1.0
2024-01-09,98.35761207514207,99.29422053678175,99.10921738415475,1.0
2024-01-10,99.55533623779887,99.17958131599356,99.16261776197736,1.0
2024-01-11,99.11370685980309,99.07515869640622,99.18226599060961,0.0
2024-01-12,99.77654852095786,98.94763682878373,99.22267783506497,0.0
2024-01-15,99.28826136237785,98.95729499109864,99.23930133131871,0.0
2024-01-16,101.38238985628803,99.03960687872532,99.30427497638551,0.0
2024-01-17,100.58518115027249,99.11818732802341,99.39280816496402,0.0
2024-01-18,100.64276641086663,99.14579603961663,99.50238927758981,0.0
2024-01-19,100.48202190956421,99.09756405160152,99.55305393540576,0.0
2024-01-22,99.11980146229122,99.07884269493992,99.5589601197217,0.0
2024-01-23,101.04533047256545,99.19901394570155,99.58909335767017,0.0
2024-01-24,103.84538557545196,99.49579463704411,99.66884277468957,0.0
2024-01-25,101.52776256607589,99.66244607819617,99.7735337023735,0.0
2024-01-26,100.73483963548273,99.77348978119433,99.87548447080458,0.0
2024-01-29,101.52912187047227,99.8817392400679,99.95524826625018,0.0
2024-01-30,100.24454187152291,99.9506716669322,99.9895972004113,0.0
2024-01-31,101.15913814893321,100.09705497766383,100.03780826187561,1.0
2024-02-01,100.50693549264584,100.22913769883307,100.08848371871623,1.0
2024-02-02,101.14462203087822,100.39375926107259,100.15613520462094,1.0
2024-02-05,100.51945326088345,100.52803783851371,100.18933152802882,1.0
2024-02-06,99.08712280248552,100.56451337488087,100.1573859958273,1.0
2024-02-07,98.86311092932976,100.52990210945742,100.10862398602488,1.0
2024-02-08,100.45873696134944,100.59715361453475,100.10511680568248,1.0
2024-02-09,99.96184472165332,100.60641842456951,100.06694968647513,1.0
2024-02-12,103.21624281598201,100.80281749724972,100.12950762432132,1.0
2024-02-13,103.83854623713178,100.92562531629191,100.21427237686676,1.0
2024-02-14,104.34661193299284,101.11369685542793,100.30439457781918,1.0
2024-02-15,106.62303189051015,101.4127101294101,100.43801671425958,1.0
2024-02-16,107.11909934475491,101.74456400116965,100.55261887544773,1.0
2024-02-19,109.3528051809227,102.25621418710122,100.68638335950689,1.0
2024-02-20,108.96902170340748,102.65239874864332,100.79847459902575,1.0
2024-02-21,108.01309895195703,102.86078441746857,100.92177416499362,1.0
2024-02-22,105.9084539734808,103.07981898783882,101.01590005943224,1.0
2024-02-23,105.76382669231421,103.3312683406804,101.08463687581039,1.0
2024-02-26,105.02531704373916,103.50607809934374,101.20324125436359,1.0
2024-02-27,103.81159718686645,103.68443086511093,101.28475015602582,1.0
2024-02-28,102.30120992682978,103.74153445400574,101.3505029112762,1.0
2024-02-29,103.60533501740157,103.89645443024354,101.4207977680442,1.0
2024-03-01,102.86190307281618,103.98231848234043,101.44910259610319,1.0
2024-03-04,102.43982114101226,104.07833687634688,101.50801444701297,1.0
2024-03-05,102.35749858824263,104.24185566563474,101.58232630963116,1.0
2024-03-06,103.08042333814558,104.4527212860755,101.68573934142205,1.0
2024-03-07,102.51054717596521,104.55531179680631,101.77205561008064,1.0
2024-03-08,100.3228615320191,104.57336263732459,101.80823352921065,1.0
2024-03-11,99.3640366000506,104.38075232652803,101.80823160735164,1.0
2024-03-12,98.06249057356095,104.09194954334949,101.79216355213812,1.0
2024-03-13,97.79063896979125,103.76415089518942,101.78334689284794,1.0
2024-03-14,98.47175052999617,103.35658682716371,101.79547628206265,1.0
2024-03-15,98.45755670677751,102.92350969526483,101.80758360047645,1.0
2024-03-18,101.62317278605133,102.53702807552126,101.88336942195625,1.0
2024-03-19,101.80840662711887,102.17899732170683,101.95238531299577,1.0
2024-03-20,103.8041081396515,101.96854778109156,102.03736075103284,0.0
2024-03-21,105.59538087010402,101.95289412592271,102.16699423123885,0.0
2024-03-22,106.24949093365126,101.97717733798957,102.29645307949271,0.0
2024-03-25,105.6990997018098,102.01086647089309,102.42466984628136,0.0
2024-03-26,105.62741933104314,102.10165757810194,102.50957043577645,0.0
2024-03-27,106.56725375557272,102.31495976953909,102.62921188788246,0.0
2024-03-28,107.51568691458395,102.51047736439821,102.76667029795681,0.0
2024-03-29,107.05471818523336,102.72011812001907,102.89812422347019,0.0
2024-04-01,105.0828901108283,102.85227156850985,103.01738599644094,0.0
2024-04-02,104.99359913714858,102.98407659595516,103.09635136973259,0.0
2024-04-03,103.80541480669395,103.02032616938257,103.09555195435743,0.0
2024-04-04,102.23462783558091,103.00653020236336,103.10968925974753,0.0
2024-04-05,102.47481699537711,103.11412797553126,103.14448880694543,0.0
2024-04-08,101.58336088566978,103.22509418981221,103.14557358724939,1.0
2024-04-09,100.86359961222225,103.36514964174528,103.15795474206335,1.0
2024-04-10,99.9558301960987,103.47340920306067,103.13388858300667,1.0
2024-04-11,101.22869808816321,103.61125658096901,103.14832383491701,1.0
2024-04-12,101.7546244333782,103.77610996729905,103.16052388296703,1.0
2024-04-15,101.90652165032499,103.79027741051273,103.18826525075585,1.0
2024-04-16,101.2580075627983,103.7627574572967,103.2316829459621,1.0
2024-04-17,99.93946110222618,103.56952510542544,103.25320994942004,1.0
2024-04-18,98.82942435526448,103.23122727968345,103.22062369729832,1.0
2024-04-19,99.8311030142703,102.91030788371441,103.21800886315066,0.0
2024-04-22,100.22390733473618,102.63654826536074,103.15816215352575,0.0
2024-04-23,101.44434870211798,102.42739473391445,103.11027820282548,0.0
2024-04-24,102.39783564083076,102.21892382817737,103.07130267698223,0.0
2024-04-25,103.62443824944604,102.02436139492048,103.01133080416095,0.0
2024-04-26,103.88627659551024,101.86593931543432,102.94667434917605,0.0
2024-04-29,104.10519302844052,101.81705446131494,102.84172210612641,0.0
2024-04-30,103.34310945269038,101.73452997709202,102.72920386111207,0.0
2024-05-01,102.77448604878036,101.68298353919634,102.62443160304855,0.0
2024-05-02,103.5403622162935,101.74827025823198,102.57706976790479,0.0
2024-05-03,104.58027515294421,101.85354316611033,102.55339873711739,0.0
2024-05-06,103.41466935086669,101.94510858937016,102.52118578325994,0.0
2024-05-07,103.75560817104682,102.08970901731139,102.52006600294355,0.0
2024-05-08,101.95140166927506,102.18948759097022,102.51306983779244,0.0
2024-05-09,101.17715624738165,102.18691049893114,102.46450626239206,0.0
2024-05-10,102.30423800949178,102.21439117773681,102.45335296112556,0.0
2024-05-13,98.71796512529724,102.05496335148544,102.37891584081127,0.0
2024-05-14,98.01032394904762,101.8925791707979,102.29197234802737,0.0
2024-05-15,99.74641107401638,101.88292666938742,102.22529210274479,0.0
2024-05-16,100.19619716067538,101.95126530965794,102.179005102439,0.0
2024-05-17,98.73928338635423,101.89667432826215,102.1473335395257,0.0
2024-05-20,99.34186873185553,101.85257239811813,102.14689018216178,0.0
2024-05-21,98.93003613101487,101.72685676956296,102.16424109331088,0.0
2024-05-22,100.26552996619178,101.62024148583102,102.21373891323887,0.0
2024-05-23,100.80038535216842,101.47903884096714,102.26031160968232,0.0
2024-05-24,100.8759278801159,101.32852140519742,102.30867903314909,0.0
2024-05-27,100.04643383843946,101.12558344569736,102.27714425419684,0.0
2024-05-28,101.48906345939876,101.03288114603279,102.27075739084245,0.0
2024-05-29,102.84553600438528,101.03643364381301,102.25158594813712,0.0
2024-05-30,103.65747309034967,101.04228918751583,102.21282779254204,0.0
2024-05-31,102.94844288724154,100.96069757423071,102.14680683161384,0.0
2024-06-03,103.63017898557545,100.97147305596614,102.10542841728915,0.0
2024-06-04,102.68772158882051,100.91807872685483,102.04663446244471,0.0
2024-06-05,103.23025649977689,100.98202146837991,101.97989451732879,0.0
2024-06-06,102.05657675756774,101.02599249388922,101.87071231418845,0.0
2024-06-07,102.68373232292329,101.0449672095608,101.78329259694226,0.0
2024-06-10,102.70100654650818,101.24411928062133,101.73565492565587,0.0
2024-06-11,102.07969928445237,101.44758804739158,101.67737692860196,0.0
2024-06-12,99.48140118277983,101.43433755282975,101.59089665612366,0.0
2024-06-13,97.38387272959932,101.29372133127596,101.49388155400403,0.0
2024-06-14,96.59351906872719,101.18643311539459,101.37625559547104,0.0
2024-06-17,96.0262578564078,101.02065257162221,101.26511353488578,0.0
2024-06-18,95.26510544240233,100.83740603719158,101.15314365148939,0.0
2024-06-19,95.22260193430566,100.58525963559728,101.05847908625351,0.0
2024-06-20,96.65526596765217,100.37800366637148,100.96701044384332,0.0
2024-06-21,94.7671004616899,100.07256229545017,100.82725996440954,0.0
2024-06-24,96.38546841018415,99.8895140240374,100.71683889960671,0.0
2024-06-25,98.02006628249906,99.71606416519242,100.65208007400074,0.0
2024-06-26,95.01699832401917,99.32463728117412,100.5536308184366,0.0
2024-06-27,95.64870467385934,98.92419886034959,100.49001642480852,0.0
2024-06-28,95.53400654362338,98.55347704316868,100.40407449539556,0.0
2024-07-01,93.190176194367,98.03147690360825,100.26339987258818,0.0
2024-07-02,93.32896913926577,97.56353928113052,100.10109228133113,0.0
2024-07-03,93.09752128721985,97.05690252050267,99.91508599425892,0.0
2024-07-04,91.61047924347422,96.534597644798,99.67480681413949,0.0
2024-07-05,90.49772070533734,95.92529706391869,99.40703569633602,0.0
2024-07-08,90.56470838616929,95.31848215590176,99.13622600349059,0.0
2024-07-09,88.88172927936321,94.6585836556473,98.84699840002403,0.0
2024-07-10,89.40717765442035,94.15487247922933,98.57965223213685,0.0
2024-07-11,88.84044527214202,93.72770110635646,98.28565389325382,0.0
2024-07-12,89.27356313172925,93.36170330950657,97.97951965282954,0.0
2024-07-15,88.33120293779939,92.97695056357614,97.67785032456818,0.0
2024-07-16,89.2746276295316,92.6774266729326,97.38823071373787,0.0
2024-07-17,88.5875375548182,92.34567345395823,97.12095343144874,0.0
2024-07-18,88.78079029962407,91.95194967055684,96.87302611249358,0.0
2024-07-19,89.15002817589333,91.671096056267,96.60994191582162,0.0
2024-07-22,88.89107662818631,91.29637646716711,96.4134041458794,0.0
2024-07-23,88.87651091475806,90.83919869878005,96.23072788519359,0.0
2024-07-24,88.58448373895514,90.51757296952687,96.00748933849238,0.0
2024-07-25,90.00141576325277,90.23520852399653,95.80359371054392,0.0
2024-07-26,89.34960596661878,89.9259884951463,95.61580016214921,0.0
2024-07-29,88.16900322350715,89.6749298466033,95.39234285198225,0.0
2024-07-30,91.01115977230447,89.55903937825524,95.23396532480803,0.0
2024-07-31,88.83752249921339,89.34603943885492,95.00540517546848,0.0
2024-08-01,88.56424027674473,89.19372749051844,94.76068227396001,0.0
2024-08-02,87.24570830257471,89.0311268703803,94.48807788240919,0.0
2024-08-05,87.04323230390602,88.85505306626715,94.22801385171852,0.0
2024-08-06,88.6873160135104,88.84533240297449,93.97197890280074,0.0
2024-08-07,87.0790125007589,88.72892414529143,93.65664843272822,0.0
2024-08-08,86.19197848373852,88.59650080587126,93.30733854059599,0.0
2024-08-09,86.7934223498764,88.47249376677863,92.98423812984869,0.0
2024-08-12,86.16045420992018,88.36395633038465,92.6348436343356,0.0
2024-08-13,86.40030566858921,88.22024023233755,92.30909531593096,0.0
2024-08-14,85.26654073287693,88.05419039124048,91.94982100059295,0.0
2024-08-15,86.77490203745936,87.95389597813224,91.64418750619079,0.0
2024-08-16,88.10203811180708,87.90149647492792,91.35255362196845,0.0
2024-08-19,88.48184336776328,87.88103481190677,91.06817035839356,0.0
2024-08-20,90.08589356571838,87.9415039444548,90.82829424401888,0.0
2024-08-21,90.2297387238288,88.02376669369846,90.64326099483988,0.0
2024-08-22,91.09275326327469,88.07833356869956,90.51743860551336,0.0
2024-08-23,91.02010061103765,88.1618583009205,90.4059702363596,0.0
2024-08-26,90.1195564403842,88.25938596176437,90.28783620803911,0.0
2024-08-27,89.9101770003924,88.20433682316876,90.18073763919891,0.0
2024-08-28,87.73699951864408,88.1493106741403,90.03102559088569,0.0
2024-08-29,85.97690012402033,88.01994366650408,89.81745827401305,0.0
2024-08-30,86.14478877347585,87.96489769004913,89.64501204024877,0.0
2024-09-02,86.37248516047943,87.9313603328778,89.44475237525467,0.0
2024-09-03,87.74781179518556,87.88438512196157,89.2393072855084,0.0
2024-09-04,89.00100068060067,87.98048453095365,89.11898733264003,0.0
2024-09-05,88.88974803357648,88.11537300844554,88.98380819983437,0.0
2024-09-06,88.25392055136265,88.18839791851985,88.83820647998917,0.0
2024-09-09,90.26853115058282,88.393801765553,88.77977357911347,0.0
2024-09-10,89.92507249409921,88.57004010682849,88.71169564621013,0.0
2024-09-11,90.25014087780403,88.81922011407485,88.65474803802182,1.0
2024-09-12,90.59898750675104,89.01042438753943,88.63451820328736,1.0
2024-09-13,91.39058054962788,89.17485150943047,88.65237540017317,1.0
2024-09-16,91.38615099953057,89.32006689101884,88.66880425244038,1.0
2024-09-17,88.72948925748693,89.25224667560727,88.66575945200287,1.0
2024-09-18,89.58638357628905,89.22007891823029,88.66934357044025,1.0
2024-09-19,89.61681386259932,89.1462819481965,88.6848709422494,1.0
2024-09-20,90.70708333259525,89.13063108427438,88.71354134626671,1.0
2024-09-23,90.43123001604158,89.14621476305726,88.75554188783155,1.0
2024-09-24,91.48430836199984,89.22492133113762,88.79973550248093,1.0
2024-09-25,90.32374495484315,89.35425860294758,88.83445965048142,1.0
2024-09-26,89.35129076680461,89.52297813508679,88.84586965982504,1.0
2024-09-27,86.48961581094534,89.54021948696027,88.79266141252607,1.0
2024-09-30,88.34539312783595,89.6388648853281,88.78174774251907,1.0
2024-10-01,86.87202694743553,89.5950756429406,88.74165806317262,1.0
2024-10-02,87.0876476123521,89.49940798952817,88.71172134064057,1.0
2024-10-03,86.7053540797805,89.39018829183837,88.64580010697111,1.0
2024-10-04,84.85660408641755,89.22032246859112,88.55594006936708,1.0
2024-10-07,85.4240332927588,88.9780975756999,88.50104067075212,1.0
2024-10-08,84.55447111296766,88.70956750664334,88.37190689756538,1.0
2024-10-09,84.29381245177791,88.41175108534203,88.28103269661668,1.0
2024-10-10,84.43794282822202,88.10369885141557,88.1985067476462,0.0
2024-10-11,84.45947253332584,87.75714345060047,88.14278203226124,0.0
2024-10-14,85.65226324369416,87.47044906280865,88.114962651057,0.0
2024-10-15,85.62422972155464,87.31518608601205,88.0537009252179,0.0
2024-10-16,86.32984389214613,87.15235910180489,88.03871755304563,0.0
2024-10-17,85.94715256168321,86.9688760367591,88.03382103460453,0.0
2024-10-18,85.74803933470155,86.7209238368644,88.01291337430102,0.0
2024-10-21,86.01233823727704,86.49997924792618,88.00995105484816,0.0
2024-10-22,85.95718578406336,86.22362311902936,88.00108865715765,0.0
2024-10-23,86.59012640733187,86.03694219165378,88.02756037064675,0.0
2024-10-24,88.10742587716342,85.97474894717172,88.05421084744083,0.0
2024-10-25,88.48610005468987,86.07457315935896,88.06189208629849,0.0
2024-10-28,87.6301213561013,86.03880957077222,88.04485764606525,0.0
2024-10-29,86.5658395663869,86.02350020171978,87.97445656607863,0.0
2024-10-30,85.2090932097768,85.92957248159102,87.87404365579756,0.0
2024-10-31,85.70699180055318,85.87965436762967,87.76632842654315,0.0
2024-11-01,85.58168303841015,85.91590831522929,87.65756007509059,0.0
2024-11-04,86.26548549409424,85.95798092529607,87.58047865616477,0.0
2024-11-05,87.1299822001771,86.08675647965653,87.52487476016049,0.0
2024-11-06,86.74073946119611,86.20910283012743,87.50494955901154,0.0
2024-11-07,88.18318488082767,86.39636493275773,87.54907525414768,0.0
2024-11-08,86.72027122902979,86.50940486754293,87.56058490325876,0.0
2024-11-11,86.08832165432277,86.53120778807434,87.55490163313563,0.0
2024-11-12,85.5867487364113,86.52933373881719,87.51168037196014,0.0
2024-11-13,85.77428533150137,86.50155581078494,87.44714606497816,0.0
2024-11-14,85.20126703382216,86.4642615343919,87.37337644498307,0.0
2024-11-15,85.36183116164163,86.4449511257389,87.31553465718864,0.0
2024-11-18,85.21114271068262,86.40489134940918,87.21438688839065,0.0
2024-11-19,86.31631229557222,86.42284767498462,87.1422116844201,0.0
2024-11-20,87.58498834121684,86.47259077167888,87.08890863368835,0.0
2024-11-21,86.89544252382578,86.411991604012,87.01483773402987,0.0
2024-11-22,86.11806412606059,86.29358980758053,86.90938740555852,0.0
2024-11-25,85.01966137320494,86.1630668084357,86.782057613032,0.0
2024-11-26,82.9999409727325,85.984771878753,86.6674666473369,0.0
2024-11-27,80.43652963149121,85.74614369983871,86.48446956844094,0.0
2024-11-28,80.29622702776537,85.47560546119931,86.29805783174426,0.0
2024-11-29,79.19780739604317,85.15641167908097,86.06787231301323,0.0
2024-12-02,79.05134780805588,84.79570479477904,85.84027466885351,0.0
2024-12-03,78.56056533982795,84.3672339517616,85.58179980841007,0.0
2024-12-04,79.2130388056007,83.99084891898183,85.35958568542523,0.0
2024-12-05,78.88896274809343,83.52613781234511,85.15033912505099,0.0
2024-12-06,78.74263677944765,83.12725608986601,84.99539954442105,0.0
2024-12-09,79.14966849421045,82.7803234318604,84.81148505174853,0.0
2024-12-10,79.77844731672444,82.48990836087604,84.66961345913433,0.0
2024-12-11,81.64107075715079,82.28324763215852,84.56068192203028,0.0
2024-12-12,80.45787262510768,82.04607791172279,84.43573229293683,0.0
2024-12-13,80.76855263165862,81.81641398522365,84.35397126384167,0.0
2024-12-16,81.54267357010848,81.63299052819494,84.27634406938866,0.0
2024-12-17,80.23557085596015,81.32895345621434,84.1899660642485,0.0
2024-12-18,80.44274139247945,80.97184110877745,84.11294464306253,0.0
2024-12-19,79.53315676803433,80.60372682098789,84.01484892185877,0.0
2024-12-20,78.56347382587833,80.22599730597878,83.89692894770982,0.0
2024-12-23,78.09834647504124,79.8799315610706,83.74585061233677,0.0
2024-12-24,77.51139879145525,79.60550445200673,83.58359399373478,0.0
2024-12-25,77.08940735730103,79.43814833829722,83.39878526303788,0.0
2024-12-26,76.37397430769262,79.24203570229358,83.20732169795806,0.0
2024-12-27,76.8806001692935,79.12617534095611,83.02997291464992,0.0
2024-12-30,76.70727176644293,79.00897153887546,82.84387158523323,0.0
2024-12-31,75.62914862136859,78.86240070295248,82.63731084197933,0.0
2025-01-01,75.1381210301439,78.65865481417964,82.40827073443558,0.0
2025-01-02,75.5567994177872,78.49204664766434,82.15725820524804,0.0
2025-01-03,74.44174766106826,78.27700219174537,81.8763711573756,0.0
2025-01-06,74.64621251191119,78.0518293926304,81.61669298049182,0.0
2025-01-07,73.935598705388,77.75968696206357,81.36408816327183,0.0
2025-01-08,75.97592568577828,77.47642970849495,81.17942481279186,0.0
2025-01-09,76.99655520487883,77.3033638374835,81.00521608087837,0.0
2025-01-10,77.87539493648663,77.1587059527249,80.85109031883991,0.0
2025-01-13,78.64688904732476,77.01391672658572,80.69871838990451,0.0
2025-01-14,78.29426718054778,76.91685154281511,80.52200408951192,0.0
2025-01-15,79.55570136408375,76.87249954139531,80.37830332756968,0.0
2025-01-16,80.26784493965722,76.90923394997647,80.21999652874626,0.0
2025-01-17,80.97069848511205,77.02959518293815,80.10500507386791,0.0
2025-01-20,79.22858172772062,77.08610694557211,79.96781027533588,0.0
2025-01-21,78.46455859107208,77.13376493555296,79.8253664724291,0.0
2025-01-22,77.50361884447024,77.15447550991142,79.65995314268847,0.0
2025-01-23,78.34370914041793,77.25296225154769,79.52280198482038,0.0
2025-01-24,76.947462688149,77.25630537749046,79.35451461535052,0.0
2025-01-27,76.7078553517888,77.25633455675775,79.18444886817265,0.0
2025-01-28,78.03011851741248,77.37638305155994,79.01872499260946,0.0
2025-01-29,77.96120985624604,77.51753749286506,78.82624942291004,0.0
2025-01-30,77.47688900314171,77.61354197213278,78.63787835249636,0.0
2025-01-31,77.49409235553084,77.7661592068559,78.46539891708576,0.0
2025-02-03,76.96742851701794,77.88222000711126,78.30435425996203,0.0
2025-02-04,75.9236518536783,77.98162266452576,78.16282847758094,0.0
2025-02-05,74.88659087131916,77.92715592380281,78.0518297023775,0.0
2025-02-06,74.59307087933526,77.80698170752564,77.93776657940889,0.0
2025-02-07,74.64133387392175,77.64527865439739,77.84663710896648,0.0
2025-02-10,73.76636306622221,77.40125235534227,77.74093741412979,0.0
2025-02-11,74.33168048202174,77.20312302041596,77.65635971697367,0.0
2025-02-12,73.89248576090397,76.91996224025698,77.54994865607974,0.0
2025-02-13,74.42305203007842,76.62772259477802,77.46063044171945,0.0
2025-02-14,73.3657095849004,76.24747314976744,77.35309189782849,0.0
2025-02-17,74.66921574998179,76.01950485088051,77.26348284294392,0.0
2025-02-18,75.06700899217508,75.84962737093565,77.16925407645293,0.0
2025-02-19,73.89697242974994,75.66929505019964,77.01437210990491,0.0
2025-02-20,73.01609527459647,75.40291435690855,76.86553656289469,0.0
2025-02-21,73.07883720039402,75.20948308252082,76.7117422542694,0.0
2025-02-24,72.62008590735839,75.0050946102993,76.53329050101439,0.0
2025-02-25,71.1302603574057,74.66010170229896,76.35118429104331,0.0
2025-02-26,71.15773232388227,74.31992782568076,76.16548410967135,0.0
2025-02-27,70.98142095386709,73.99515442321703,75.99444939338802,0.0
2025-02-28,70.62647666538598,73.65177363870978,75.83570945017817,0.0
2025-03-03,71.54031242743693,73.38041783423074,75.70454876922608,0.0
2025-03-04,71.82732626202247,73.17560155464795,75.59086731863744,0.0
2025-03-05,71.48334045799106,73.00543903398155,75.47874598065123,0.0
2025-03-06,70.62204179636393,72.80688757983299,75.36370733042465,0.0
2025-03-07,70.79067908196897,72.61435484023534,75.24190890867817,0.0
2025-03-10,68.76595861458287,72.36433461765338,75.08308264564097,0.0
2025-03-11,68.76604213183883,72.08605270014422,74.94582051585037,0.0
2025-03-12,68.02863790774451,71.79286030748625,74.80363085340238,0.0
2025-03-13,68.04380726748602,71.47389806935664,74.65337101039636,0.0
2025-03-14,68.9768174629538,71.2544534632593,74.54407240643407,0.0
2025-03-17,69.03653266061536,70.97281930879099,74.43187880940815,0.0
2025-03-18,69.25551958692319,70.68224483852839,74.33827722703886,0.0
2025-03-19,68.51999006161206,70.41339572012149,74.18915851455554,0.0
2025-03-20,67.127356993494,70.11895880606637,73.99177455032783,0.0
2025-03-21,67.79265753654255,69.8546498228738,73.79011980232896,0.0
2025-03-24,67.80938476303183,69.61411476565748,73.57336971664309,0.0
2025-03-25,66.09598129320258,69.3624008124473,73.3294039988962,0.0
2025-03-26,66.37840121638216,69.12343425707232,73.06585799594217,0.0
2025-03-27,67.42732124865533,68.94572927181171,72.80904752212213,0.0
2025-03-28,66.67263651740662,68.74803726441276,72.523086282768,0.0
2025-03-31,68.15103255112767,68.57857327059729,72.30153529923615,0.0
2025-04-01,69.93548583622055,68.48398124930719,72.13095384413913,0.0
2025-04-02,70.49299985498348,68.43446421915681,71.99074146434938,0.0
2025-04-03,71.23193553222494,68.46495890594987,71.84850599218552,0.0
2025-04-04,71.49365765596886,68.50010783464987,71.73942989154193,0.0
2025-04-07,72.68893063628718,68.69625643573508,71.65905139723189,0.0
2025-04-08,73.16008283815027,68.91595847105064,71.56165068364666,0.0
2025-04-09,72.61720399977357,69.1453867756521,71.4547705665172,0.0
2025-04-10,72.19032438536573,69.3527126315461,71.34903927416168,0.0
2025-04-11,73.45687897681601,69.5767157072392,71.26829500658738,0.0
2025-04-14,73.91030217238767,69.82040418282782,71.20715247969478,0.0
2025-04-15,75.25020272697095,70.1201383398302,71.19368349716063,0.0
2025-04-16,75.80842404252377,70.4845600388758,71.21212016058472,0.0
2025-04-17,74.53655899057426,70.8550201387298,71.2109899228095,0.0
2025-04-18,75.70784486758535,71.25077950528194,71.23232014268278,1.0
2025-04-21,75.71066819402897,71.64584367683179,71.27120624523891,1.0
2025-04-22,76.93597337236217,72.18784328078978,71.32329210304573,1.0
2025-04-23,76.8445139394892,72.71114891694512,71.38233266661742,1.0
2025-04-24,77.80529142153806,73.23004742558928,71.44997745444661,1.0
2025-04-25,78.21342895297725,73.80708704736779,71.54693184180816,1.0
2025-04-28,78.48428056221054,74.32374944792193,71.62323313805273,1.0
2025-04-29,78.8489835312948,74.76942433267564,71.69887262883512,1.0
2025-04-30,79.44905159813,75.21722691983298,71.80991421220273,1.0
2025-05-01,78.24730273752026,75.56799528009773,71.9145383614612,1.0
2025-05-02,76.87805216226077,75.83721500541233,71.99052266069853,1.0
2025-05-05,78.04999365007787,76.10526815610187,72.09912081555292,1.0
2025-05-06,78.60702548311367,76.37761528835004,72.24865611806709,1.0
2025-05-07,78.90598949902669,76.6920545633127,72.40362126156998,1.0
2025-05-08,78.80096471270946,77.02258657967988,72.56001213674682,1.0
2025-05-09,78.27831119067234,77.2636581903727,72.71304882725255,1.0
2025-05-12,80.55788967465148,77.59603756548589,72.89340037219684,1.0
2025-05-13,81.46959827581107,77.9070073429279,73.08624581247261,1.0
2025-05-14,81.70668154156729,78.20192021788007,73.29071263414413,1.0
2025-05-15,84.04223636741223,78.67720408672197,73.5591165255651,1.0
2025-05-16,83.41453449272153,79.06253856797878,73.81159363378015,1.0
2025-05-19,82.90468691762337,79.42223950415851,74.09436819984097,1.0
2025-05-20,80.37195281471938,79.59403847627637,74.32648641349857,1.0
2025-05-21,80.29509546364363,79.76656755248409,74.57181556461656,1.0
2025-05-22,82.02915565512102,79.97776076416322,74.85152253236926,1.0
2025-05-23,82.82673845585892,80.20842623930731,75.12852095222736,1.0
2025-05-26,83.0929485110089,80.43885963674724,75.40964926923522,1.0
2025-05-27,83.62072699391948,80.67744680987848,75.69695341737516,1.0
2025-05-28,83.90253098697102,80.90012077932052,76.00460423588233,1.0
2025-05-29,83.59833031198355,81.16767215804369,76.33402370225213,1.0
2025-05-30,84.10941601788015,81.52924035082467,76.66035887187887,1.0
2025-06-02,84.3523819408986,81.84435976536568,76.99121881543621,1.0
2025-06-03,84.43353454882808,82.1356852186514,77.35796988054872,1.0
2025-06-04,85.91688847628473,82.48623016751432,77.74873962574678,1.0
2025-06-05,86.7187463376127,82.88211924875948,78.13456812752592,1.0
2025-06-06,84.85378355809692,83.2108928671307,78.49819106833974,1.0
2025-06-09,85.01980993170952,83.4339888799836,78.83556661595136,1.0
2025-06-10,85.29636589667511,83.62532726102681,79.14278421716045,1.0
2025-06-11,85.74089115759462,83.82703774182816,79.44774204321268,1.0
2025-06-12,86.9537053318712,83.97261119005113,79.7621774392056,1.0
2025-06-13,87.80783178055852,84.19227605444297,80.08846092169739,1.0
2025-06-16,89.19163609828948,84.50662351347628,80.41851503093744,1.0
2025-06-17,87.81191224184549,84.87862148483258,80.71155161901135,1.0
2025-06-18,87.29666187490336,85.22869980539556,81.00514077651394,1.0
2025-06-19,89.58437512546217,85.60646077891263,81.35302179131588,1.0
2025-06-20,88.60396078600013,85.8953218954197,81.65596342749956,1.0
2025-06-23,88.23311306017696,86.1523301228781,81.94241964525534,1.0
2025-06-24,88.71120956907399,86.4068542516358,82.21163978209741,1.0
2025-06-25,88.03641877179136,86.61354864087683,82.45619967668276,1.0
2025-06-26,90.1205406780351,86.9396591591794,82.76787931043197,1.0
2025-06-27,90.38111603127345,87.25324415984906,83.06134473370574,1.0
2025-06-30,91.62776703250898,87.6170134144296,83.37968671047533,1.0
2025-07-01,92.29787336099167,88.01023035503778,83.68692471024791,1.0
2025-07-02,92.40726947930175,88.33474940518862,83.99817982104418,1.0
2025-07-03,90.92193771875424,88.5449089742457,84.2605127469885,1.0
2025-07-04,91.05028159242711,88.85473387596221,84.51724979977749,1.0
2025-07-07,89.66657447098014,89.08707210292575,84.74089567795289,1.0
2025-07-08,90.73804237081802,89.35915592663288,84.97867685474336,1.0
2025-07-09,89.04787639405276,89.52450518845579,85.1706533506618,1.0
2025-07-10,89.54045800514126,89.65384282211929,85.39651645601424,1.0
2025-07-11,89.66592138067233,89.74674730212499,85.65227384038243,1.0
2025-07-14,92.26553447345393,89.9004422208832,85.93658465684997,1.0
2025-07-15,91.93511210933907,90.10660221425789,86.20314638937448,1.0
2025-07-16,90.77622653167833,90.28058044709664,86.4405511300275,1.0
2025-07-17,90.76428485726603,90.33957593368683,86.67981753291866,1.0
2025-07-18,90.39952621033623,90.42935420490363,86.92224183331193,1.0
2025-07-21,88.81467337778915,90.45843222078425,87.08737750737468,1.0
2025-07-22,88.77231242585444,90.46148736362326,87.23343179037555,1.0
2025-07-23,90.50579245283882,90.58495604767565,87.40941400860098,1.0
2025-07-24,89.5381542508719,90.5558367263175,87.51933236627015,1.0
2025-07-25,90.8830058553729,90.58093121752246,87.6687017935232,1.0
2025-07-28,89.97145576804292,90.49811565429914,87.81003717053157,1.0
2025-07-29,90.69293705240533,90.41786883886984,88.0164568552853,1.0
2025-07-30,89.89625178914812,90.29231795436215,88.20847998179539,1.0
2025-07-31,89.74132960948447,90.23328754889867,88.36272346088266,1.0
2025-08-01,89.50841622589695,90.15619428057215,88.49635701628344,1.0
2025-08-04,88.12501674679622,90.07911639436296,88.59699838099918,1.0
2025-08-05,88.47862275478136,89.96614541356112,88.6941562962164,1.0
2025-08-06,87.73320936732134,89.90041206222456,88.7707698638234,1.0
2025-08-07,87.00544488948172,89.77366140644158,88.83891215537341,1.0
2025-08-08,88.69485466296368,89.72510807055615,88.93062092827503,1.0
2025-08-11,89.715731108947,89.5976179023308,89.03788791163602,1.0
2025-08-12,89.0657388641585,89.45414924007177,89.13053199794264,1.0
2025-08-13,88.84500008011227,89.35758791749346,89.18909423001918,1.0
2025-08-14,89.37116425889484,89.2879318875749,89.24214258844484,1.0
2025-08-15,89.62368574416043,89.24913986426611,89.3375406321661,0.0
2025-08-18,88.08595053425306,89.21270372208932,89.39886344421697,0.0
2025-08-19,90.19426209778881,89.28380120568603,89.49682136823924,0.0
2025-08-20,89.28050073709277,89.22253661989872,89.56761355982921,0.0
2025-08-21,88.97284766363056,89.19427129053665,89.6079964064644,0.0
2025-08-22,87.98887728132145,89.04956486183409,89.61161731647964,0.0
2025-08-25,87.07746905626918,88.9048655262454,89.56933397563924,0.0
2025-08-26,87.37660645751471,88.73904899650087,89.56062785995263,0.0
2025-08-27,87.42351089000509,88.61541195154373,89.56316484025464,0.0
2025-08-28,87.16357310441403,88.48652412629019,89.51474879983371,0.0
2025-08-29,86.01607396443774,88.31190701321724,89.46299106340246,0.0
2025-09-01,85.03929283003355,88.15762081737911,89.39911465879959,0.0
2025-09-02,85.24576962455559,87.99597816086782,89.32980585990921,0.0
2025-09-03,85.72321359627065,87.89547837231528,89.28354175639879,0.0
2025-09-04,87.33833221488283,87.91212273858534,89.22789758713576,0.0
2025-09-05,87.40934817214152,87.84784741404422,89.16846222995311,0.0
2025-09-08,86.33929448586795,87.67902558289026,89.0626927790203,0.0
2025-09-09,86.25411502604918,87.53844439098481,88.94181761232144,0.0
2025-09-10,85.33665554677708,87.36302716431805,88.80040533367095,0.0
2025-09-11,84.98888810089446,87.14391335641804,88.68174434131377,0.0
2025-09-12,84.7032408290784,86.89789111066393,88.55480352604678,0.0
2025-09-15,87.66323921749752,86.87675554482614,88.51473682097713,0.0
2025-09-16,87.40900102285435,86.73749249107944,88.44815599401785,0.0
2025-09-17,87.71140231482129,86.65903756996586,88.42142651243323,0.0
2025-09-18,88.21074494023311,86.62093243379599,88.39483225113504,0.0
2025-09-19,87.86951477338317,86.61496430839907,88.35890411898929,0.0
2025-09-22,88.85622166980546,86.70390193907589,88.29071786291632,0.0
2025-09-23,90.13043298776356,86.84159326558833,88.2546242804848,0.0
2025-09-24,89.79875447517416,86.96035544484678,88.23507483935472,0.0
2025-09-25,90.13361554466894,87.10885756685953,88.22246145310277,0.0
2025-09-26,90.98345585657981,87.35722666146663,88.23414004602765,0.0
2025-09-29,90.28888611120553,87.61970632552523,88.26362430069598,0.0
2025-09-30,91.45489757274927,87.93016272293491,88.31727600363386,0.0
2025-10-01,92.98853455764056,88.2934287710034,88.3669308457299,0.0
2025-10-02,92.02223817360581,88.52762406893956,88.41661252418459,1.0
2025-10-03,93.86324952229874,88.85031913644742,88.4762173975231,1.0
2025-10-06,92.79894757768919,89.17330179103848,88.53276723371604,1.0
2025-10-07,92.5073477780023,89.48596342863614,88.56905544822797,1.0
2025-10-08,92.16620129403029,89.82744071599879,88.61445443832561,1.0
2025-10-09,90.84866039673759,90.12042933079096,88.63660105407067,1.0
2025-10-10,88.93150074756872,90.33184232671547,88.6250627445041,1.0
2025-10-13,87.82895764470815,90.34012824807601,88.61914156246233,1.0
2025-10-14,88.17164401243794,90.37826039755518,88.61300198761548,1.0
2025-10-15,89.17992978700767,90.4516867711645,88.6419363960092,1.0
2025-10-16,89.56979169761703,90.5196391090337,88.6932233321719,1.0
2025-10-17,90.06851052152162,90.62958889644062,88.72069644934307,1.0
2025-10-20,89.17224798600009,90.64539021225035,88.70982678688414,1.0
2025-10-21,90.8352870984061,90.68063291778248,88.74521775156907,1.0
2025-10-22,90.21753803706258,90.7015720958769,88.77266851070809,1.0
2025-10-23,90.62531973224345,90.72615730525563,88.79775162017506,1.0
2025-10-24,90.7039165326419,90.71218033905873,88.81935623594468,1.0
2025-10-27,89.59529946036382,90.67750100651664,88.8495432144669,1.0
2025-10-28,91.35077768243708,90.67229501200104,88.87267352615987,1.0
2025-10-29,90.71721767411523,90.55872916782477,88.90140786490032,1.0
2025-10-30,90.18805941587452,90.46702022993819,88.9257120999452,1.0
2025-10-31,91.00748716462638,90.32423211205459,88.9860842976113,1.0
2025-11-03,92.03589138348325,90.28607930234429,89.08525274415557,1.0
2025-11-04,91.36108871147833,90.22876634901809,89.16494238923485,1.0
2025-11-05,91.38492021825454,90.1897022952293,89.24417057579984,1.0
2025-11-06,91.95344072677105,90.24494131173097,89.33996792824696,1.0
2025-11-07,92.2687908839582,90.41180581855045,89.46502226663739,1.0
2025-11-10,94.53510443947462,90.74711315828877,89.65493849882621,1.0
2025-11-11,93.75337958718029,91.0261999370259,89.8250906980787,1.0
2025-11-12,95.32408138212747,91.33340751678188,90.01710805379584,1.0
2025-11-13,93.24921842060793,91.51737885293143,90.13532577791035,1.0
2025-11-14,91.95340550396595,91.61162360205364,90.22620692454684,1.0
2025-11-17,91.71140679384983,91.73858154244613,90.33364917070648,1.0
2025-11-18,91.53291141262689,91.77346275815717,90.43922509843802,1.0
2025-11-19,90.7733540733045,91.80125355996925,90.54795906896858,1.0
2025-11-20,92.22778464928362,91.88137680582126,90.69273699993636,1.0
2025-11-21,93.6554146287509,92.02895171062673,90.87178047592981,1.0
2025-11-24,95.12364983547987,92.30536922938253,91.02098868828945,1.0
