fast,slow,total_return,sharpe_rf0,max_drawdown,turnover
30,60,-0.09690846154067267,-0.46220187331853135,-0.16414468630216372,12.0
30,50,-0.12828772407561928,-0.6462948908305951,-0.16225417371759643,16.0
30,40,-0.1790568317718465,-0.8288893747262399,-0.1790568317718465,22.0
20,60,-0.2131924368639384,-1.0989431755528376,-0.2131924368639384,12.0
20,50,-0.23231065837515796,-1.2460361536726454,-0.23285391078802242,16.0
20,40,-0.3187679597848516,-1.6961162165734367,-0.3187679597848516,22.0
10,60,-0.3575498906997854,-1.8621867944475554,-0.38158387778143155,20.0
10,50,-0.37213704798220937,-1.9640540321106372,-0.387775639544348,18.0
10,40,-0.41042770009574736,-2.2071300884749845,-0.4166309812434722,26.0
